MAE_g,RMSE_g,R2,MAPE_pct,n_samples,model
1.5402399516178833,2.652601575954263,0.14835015679084318,39.88441500044565,27,RandomForest (CV tuned)
